,City,Country,Date,PM2.5,PM10,NO2,SO2,CO,O3,Temperature,Humidity,Population
0,Buenos Aires,Argentina,2024-01-01,26.7778485382896,42.12641553367836,23.330910840732383,8.348898804807337,0.8695330492814852,15.392473019880883,23.04260024955904,69,15500000
1,Buenos Aires,Argentina,2024-01-02,23.406645753041964,27.64096769542001,24.24712438840651,11.099624191571852,0.8001365637914966,23.910650007657296,21.045503091662237,46,15500000
2,Buenos Aires,Argentina,2024-01-03,16.93253619790511,14.609775767335949,34.47760377929138,7.375077568827924,1.0008753269526265,16.49731585995231,28.800591881281804,59,15500000
3,Buenos Aires,Argentina,2024-01-04,35.54412112219411,25.2129428699826,27.726759216569626,9.389525723753875,0.9789294375147746,13.13570274259468,26.757399501761007,45,15500000
4,Buenos Aires,Argentina,2024-01-05,15.057232883110457,34.37553883078311,24.824438630003083,4.9668782419753015,0.5511649774644336,28.3215619386227,25.05321121616325,55,15500000
5,Buenos Aires,Argentina,2024-01-06,22.75769793395252,46.97203196247966,33.568247642017006,5.744034827034724,1.0102367560299814,17.249311442609653,27.04424509499371,58,15500000
6,Buenos Aires,Argentina,2024-01-07,23.762673199002435,46.86708414888677,26.024543799056172,6.634862051240917,0.6020084414895972,19.82496194996882,20.944995681855776,58,15500000
7,Buenos Aires,Argentina,2024-01-08,13.859535498380067,34.339868845782846,35.7382686492702,5.870036177935848,0.8846424748914036,21.657426310108796,25.7088292948054,68,15500000
8,Buenos Aires,Argentina,2024-01-09,21.05672700764825,37.7221995741026,20.88246635962234,8.43654881394892,0.6396589914702056,14.700249605076417,24.928227667179257,60,15500000
9,Buenos Aires,Argentina,2024-01-10,23.69877370310113,23.588270609979887,36.04720973277082,8.89472479891993,0.6591349619582938,16.1991347244239,25.88958403504936,43,15500000
10,Buenos Aires,Argentina,2024-01-11,39.74046600146101,59.97382048731549,36.35396472800774,6.1482768271968045,0.90782882359003,24.891849688848858,18.884015491394283,76,15500000
11,Buenos Aires,Argentina,2024-01-12,41.94511761698497,77.27784875018338,32.11820248782384,9.55078147599803,0.7696571132845542,22.66679622352725,29.197342522592024,74,15500000
12,Buenos Aires,Argentina,2024-01-13,29.73050928233213,54.059909377313154,22.17342233926445,9.813561711576078,0.872283104754396,23.04114447653656,23.8952886924762,53,15500000
13,Buenos Aires,Argentina,2024-01-14,15.718573617209495,32.28875420929211,28.33328676747556,8.819242262838012,0.7246179351180303,23.795451976941983,19.809557480918567,52,15500000
14,Buenos Aires,Argentina,2024-01-15,34.965246338965805,29.0550306426831,21.819317197823267,6.394077246251398,0.8047790193972599,18.67914495042333,24.695410836146085,53,15500000
15,Buenos Aires,Argentina,2024-01-16,27.21477697675916,44.2151387542271,12.93923499076131,9.025274819288144,0.768369231125536,36.215464847973664,36.53958125308056,77,15500000
16,Buenos Aires,Argentina,2024-01-17,23.48974046152947,30.414244043724537,9.046058184664862,4.205862159379073,0.8177828651626158,25.45945657077055,12.863983711608675,61,15500000
17,Buenos Aires,Argentina,2024-01-18,16.296083662463424,47.65341467754411,26.121674589144856,5.009192793950505,1.1654523009914028,11.723155592970992,23.572481515144425,41,15500000
18,Buenos Aires,Argentina,2024-01-19,27.023268148841414,48.1313488720056,23.283037813959613,9.195544041943268,0.7053075753648902,23.403828743277835,21.01530369771488,41,15500000
19,Buenos Aires,Argentina,2024-01-20,51.48143985753487,47.18228122319613,35.43660548128513,7.298838947018393,0.7423215599399402,19.40029363186764,28.702035611886185,63,15500000
20,Buenos Aires,Argentina,2024-01-21,14.351415952700478,28.086745020783496,31.02033915496408,6.55365765705316,0.6048858868154103,23.876571052598237,26.4152241006824,55,15500000
21,Buenos Aires,Argentina,2024-01-22,26.689289913708546,51.440043256578285,23.48168312023641,8.575802803455318,0.5149673607875471,19.531599690308177,20.895544302471645,76,15500000
22,Buenos Aires,Argentina,2024-01-23,34.607021407191944,48.5306352405351,32.491740506088426,7.8606968838095055,0.7810186861458139,20.173879843967203,22.259430258871376,46,15500000
23,Buenos Aires,Argentina,2024-01-24,25.41457121134089,44.83123466150478,29.911263968411184,5.3739712554797405,0.9646559831355412,21.12880761555877,25.088066259668288,68,15500000
24,Buenos Aires,Argentina,2024-01-25,15.2463397272175,59.55261897902139,35.31762196266488,5.894158325265396,1.0003649707363875,17.512145808073964,21.08998253744481,46,15500000
25,Buenos Aires,Argentina,2024-01-26,17.402968825197128,43.530823908220185,19.39364982916602,5.681986483535333,0.4671046529333555,24.600057300026982,23.49318439779907,59,15500000
26,Buenos Aires,Argentina,2024-01-27,31.126291196871996,51.91656861998291,39.80206989671212,7.26697349088533,1.0537242049206417,15.121127463045228,29.54479914614065,61,15500000
27,Buenos Aires,Argentina,2024-01-28,29.593904163278538,25.243091234637667,37.92638470681766,6.815317274016295,0.5418422267698815,16.815702065356962,27.09830122406033,79,15500000
28,Buenos Aires,Argentina,2024-01-29,21.77986822792164,36.385102092172055,30.073811473154617,9.51776674657906,0.8107045595798091,21.214686772128537,30.277684868247096,43,15500000
29,Buenos Aires,Argentina,2024-01-30,25.10344015835762,34.92130028891568,42.63952086354757,10.28404843008989,0.9507248570543968,18.82436833725444,18.192638319336357,51,15500000
30,Buenos Aires,Argentina,2024-01-31,31.549755842216896,52.16197968387565,22.049098601321173,7.840383085789983,0.6287003525181603,20.48835188374168,18.67750796522517,62,15500000
31,Buenos Aires,Argentina,2024-02-01,7.068935474654232,53.52326884862147,38.48118164162128,7.067450783524254,1.1766164506139467,20.15983279635064,31.461666070840828,77,15500000
32,Buenos Aires,Argentina,2024-02-02,38.14779825596504,31.517330676735305,39.57749187697942,4.047865816456556,0.7239185485178308,18.34510913193197,26.39495897374237,57,15500000
33,Buenos Aires,Argentina,2024-02-03,33.61816803218824,68.34992345980773,35.45708773396465,7.375863304542298,0.9344602395173298,22.68680140724613,29.62205093637497,60,15500000
34,Buenos Aires,Argentina,2024-02-04,15.319542414897548,35.34538441922645,25.085414847229643,5.58042201553293,0.995777911711356,13.141284353682472,33.04390427867187,54,15500000
35,Buenos Aires,Argentina,2024-02-05,33.28229690184623,52.02271478315514,37.81852240841175,6.740937184555132,0.5229485820985396,8.509442064351273,22.40659708932141,46,15500000
36,Buenos Aires,Argentina,2024-02-06,11.848322575718091,34.29852154734516,24.228669202032908,6.704386992905764,1.0225740281536997,21.19240405681965,20.803397991102702,77,15500000
37,Buenos Aires,Argentina,2024-02-07,38.54441072784276,43.2234363075733,18.7436622916606,7.429615045754033,0.5137962703841209,22.828584897764348,22.824181686859003,71,15500000
38,Buenos Aires,Argentina,2024-02-08,14.387064682885182,39.318025358064936,33.783336676203966,6.573055728001163,0.9325451653038536,15.964300085103318,30.0169138210997,63,15500000
39,Buenos Aires,Argentina,2024-02-09,26.21814705774858,26.08653470706312,38.55423566057953,4.418564960423176,0.8858700470844945,20.00355060782982,24.122755851352448,48,15500000
40,Buenos Aires,Argentina,2024-02-10,24.91431711989234,10.16441039273477,33.266435707342694,6.378883818642836,0.7946617569678963,15.632157330547209,19.530428848938826,57,15500000
41,Buenos Aires,Argentina,2024-02-11,33.78882334075645,33.47837605399597,33.699722446421205,7.211724796096106,0.9649334668821123,16.986640577206682,16.25005725588167,42,15500000
42,Buenos Aires,Argentina,2024-02-12,36.5112940595819,36.714522784712834,39.54915892458583,5.889383889227906,0.8319295538815806,22.857041938593905,28.923907920070945,40,15500000
43,Buenos Aires,Argentina,2024-02-13,31.2152184861589,38.13359015340372,25.44778110179845,5.891324065373338,1.187997678295267,16.290082859540277,31.458176133802237,55,15500000
44,Buenos Aires,Argentina,2024-02-14,46.02436676981839,36.15685641790023,27.27266635126452,6.505344533844355,0.719842071004102,32.62198268911611,24.61818400339683,42,15500000
45,Buenos Aires,Argentina,2024-02-15,21.977035674613106,38.68847006834228,34.38655702043599,8.899189142728977,0.7881169637455012,29.277516573971315,26.12117372267646,63,15500000
46,Buenos Aires,Argentina,2024-02-16,36.4280963877756,58.575442487651664,7.991893147314922,7.847346397499126,0.5234130099366439,14.095482742145972,19.965133640990427,41,15500000
47,Buenos Aires,Argentina,2024-02-17,21.872841999826235,47.10901148817026,24.234991539273857,10.037436705433588,0.931678502384498,10.697760000378466,29.321218073671133,45,15500000
48,Buenos Aires,Argentina,2024-02-18,11.714203422760134,39.82982215337079,17.475004348884383,9.051835971438557,0.848469455672945,13.269319820220286,18.236357310978534,76,15500000
49,Buenos Aires,Argentina,2024-02-19,28.8743187158426,48.064448544248194,33.425489982484606,6.44001339625104,0.5441938527560428,22.576471608122336,20.828590949826875,76,15500000
50,Buenos Aires,Argentina,2024-02-20,26.552998414824398,12.484130405791255,35.4494852009929,8.00403854199373,0.8820859506389005,20.97837031615489,20.60606555833946,53,15500000
51,Buenos Aires,Argentina,2024-02-21,35.82962771019112,25.7827786730733,34.84366733456428,7.14178130564413,0.6207936872468824,22.900494208176035,27.71728230477053,40,15500000
52,Buenos Aires,Argentina,2024-02-22,45.1527511046064,59.35966691383821,26.8224374708321,4.795460519088289,0.8695123227607104,20.433488497071984,26.778344742816145,56,15500000
53,Buenos Aires,Argentina,2024-02-23,26.915773961940896,27.485303889391425,34.66754382798453,6.693023936062065,0.3880390025183355,12.069491705890185,21.6851060995539,75,15500000
54,Buenos Aires,Argentina,2024-02-24,30.53149156379209,31.77699552749841,45.38756635859963,5.450770059962836,0.4621633924065477,17.6436812964874,15.122561143914313,78,15500000
55,Buenos Aires,Argentina,2024-02-25,32.5109945450731,36.31502086060895,36.89307730377717,9.017804110781054,0.60951295384192,20.767743191603707,25.712519112880827,61,15500000
56,Buenos Aires,Argentina,2024-02-26,30.968621810742626,36.515432593957456,30.234011837615004,6.459446477979671,0.7787760968861337,28.52325502964068,36.95383082383862,78,15500000
57,Buenos Aires,Argentina,2024-02-27,28.77092093742476,10.0,24.96092358108952,6.023452315096911,0.9266653652142478,20.113154263384345,17.972184730718567,71,15500000
58,Buenos Aires,Argentina,2024-02-28,24.73484751271042,45.67106194002104,26.46394534431677,9.641695812441414,0.4190522241130521,13.89737912640977,26.89855262117279,72,15500000
59,Buenos Aires,Argentina,2024-02-29,42.50610751230936,32.78749315732031,35.569343977274315,5.964614854261571,0.7823817511941854,30.849682940402715,17.881586815580384,57,15500000
60,Buenos Aires,Argentina,2024-03-01,12.647195052337254,23.16770143178504,27.789442918988417,5.3679242092114565,0.8434833151373428,18.366882554572165,26.40266170277629,79,15500000
61,Buenos Aires,Argentina,2024-03-02,35.16093521646967,57.9946304917592,30.474353816576773,4.715320640466596,1.0015014789653307,16.758448649281522,20.87838493968561,55,15500000
62,Buenos Aires,Argentina,2024-03-03,30.16946515748371,36.67730105571814,29.821597730255576,5.622228914849189,0.8409517764803569,23.829391397403075,16.920566062947636,68,15500000
63,Buenos Aires,Argentina,2024-03-04,27.99647687837348,41.24784575082271,17.838594355532447,7.52640584599352,0.7168623599420875,21.197447340563897,26.99824552709484,57,15500000
64,Buenos Aires,Argentina,2024-03-05,38.700436611709904,15.506832422644417,31.8825436915128,5.91979381280243,0.8248313181942607,23.54892145291844,26.104042539440456,48,15500000
65,Buenos Aires,Argentina,2024-03-06,14.897775978881448,54.429807836077615,28.103904239898977,8.49980047884742,0.8558535676433052,15.24544635156384,26.592605023994373,54,15500000
66,Buenos Aires,Argentina,2024-03-07,32.63697715848047,56.91061015668334,22.685749513626867,5.848110377152544,0.7673547143538187,28.099123024913244,27.815677275841296,76,15500000
67,Buenos Aires,Argentina,2024-03-08,11.759131701341133,39.81034281487331,31.008004152352537,6.258999804984692,0.4792495888667339,18.015808896276774,27.343748921576427,55,15500000
68,Buenos Aires,Argentina,2024-03-09,28.984438633566818,46.55846646320561,17.901795258071402,5.201251745690692,0.8012928374395195,17.21322508172306,33.52227275197079,67,15500000
69,Buenos Aires,Argentina,2024-03-10,12.7167760491911,37.3027505292994,31.294255300810065,7.33407400145271,0.8834790261467834,22.793254575069053,24.129246951253897,43,15500000
70,Buenos Aires,Argentina,2024-03-11,12.501125191417426,48.45794753386532,35.358971638069285,7.403088003598843,0.6471908436812315,14.67500587445425,17.838756723900534,49,15500000
71,Buenos Aires,Argentina,2024-03-12,19.39454823922027,60.266093386197085,37.08952950867837,6.87472084534553,0.8486246917025787,18.52878747181771,31.78291692913991,57,15500000
72,Buenos Aires,Argentina,2024-03-13,27.94341187618399,64.97963569090138,19.7135789274838,8.747543992097592,0.7404714853957142,32.8553507831477,23.096027844303958,67,15500000
73,Buenos Aires,Argentina,2024-03-14,19.576916638743818,36.359518782620775,14.879918630536457,6.090410565244614,0.5920386937946231,16.961768273132638,24.3134451710556,74,15500000
74,Buenos Aires,Argentina,2024-03-15,42.96323926484685,51.95473274070429,35.089243880315486,3.752933231203188,0.8238593410044035,19.6652004835143,26.453705484755893,70,15500000
75,Buenos Aires,Argentina,2024-03-16,21.393125305225407,27.651923540478656,38.709572468941566,9.318468300568409,0.8094143373615775,9.145692145831656,22.437161712778547,52,15500000
76,Buenos Aires,Argentina,2024-03-17,23.692629332867615,56.57412883346458,11.14132620320417,5.970102938745713,0.6468380039882577,19.827391000843445,14.006535938854176,70,15500000
77,Buenos Aires,Argentina,2024-03-18,38.19635662243719,35.29388083968564,33.36122635189029,5.91127283698181,0.9862681846366006,20.356621580622445,12.252884722076512,76,15500000
78,Buenos Aires,Argentina,2024-03-19,20.672261164116115,51.907277007157234,27.620991366055147,6.507233194970904,0.9972753011811876,16.440133863705388,17.285983908785504,43,15500000
79,Buenos Aires,Argentina,2024-03-20,23.393688804745057,57.12443296494234,26.46276023810784,6.964071423085688,0.759075742414731,18.06439786826222,24.261389774584615,49,15500000
80,Buenos Aires,Argentina,2024-03-21,17.28454913048513,20.83696266800568,31.567377186834214,10.738538566432482,1.0557247776102296,23.268134439934823,28.377045594655204,58,15500000
81,Buenos Aires,Argentina,2024-03-22,23.67356855740875,45.93698273064621,32.10840649563828,9.568191587896234,0.3147215858929584,8.065350649021637,22.52060913994925,45,15500000
82,Buenos Aires,Argentina,2024-03-23,25.62676050161978,41.347842443700735,35.43075096420959,6.961608899198339,0.813303654792136,16.839696210564707,23.440490084455607,60,15500000
83,Buenos Aires,Argentina,2024-03-24,30.132324268151827,15.297042125607309,34.83673875762004,5.648372057933361,0.4856843842641645,16.031067379905153,25.746781007328927,42,15500000
84,Buenos Aires,Argentina,2024-03-25,16.753001396432083,60.002327492576015,44.58793175439553,6.524198496461649,0.5078081491435298,16.7579321249858,30.689029113489354,41,15500000
85,Buenos Aires,Argentina,2024-03-26,19.08986826472893,42.67983221519369,33.48067518373019,10.908594476050624,1.0489305563070603,20.15462708891249,22.844265584090312,75,15500000
86,Buenos Aires,Argentina,2024-03-27,17.070525026683995,50.31197934654228,33.57964433706376,6.3841953154588005,0.6964827895067454,18.50870256342546,22.340553212491216,58,15500000
87,Buenos Aires,Argentina,2024-03-28,22.34240181287108,16.43677814311132,40.84458348568278,5.778284720389868,0.9008966512766036,12.184828467143731,19.1027016774611,48,15500000
88,Buenos Aires,Argentina,2024-03-29,24.151803253402573,62.651660198956165,32.843455392749995,9.732477979931463,1.0146498801851995,17.26595955213686,21.20246669296776,40,15500000
89,Buenos Aires,Argentina,2024-03-30,17.788154431485445,31.657721075599984,26.704753280579588,6.050802062792443,0.7060790687036299,26.086375449452824,25.2270558655882,71,15500000
90,Buenos Aires,Argentina,2024-03-31,35.75343401956898,43.16002697804666,31.676273842102358,4.816749655681795,0.8467696051579198,25.177217082084724,20.81968923949988,57,15500000
91,Buenos Aires,Argentina,2024-04-01,39.24495821246948,34.11217442606802,25.12692184628952,10.277583862667852,0.9220117535112408,21.28715038029007,20.146196682987245,57,15500000
92,Buenos Aires,Argentina,2024-04-02,17.49638971458189,21.30603979098354,14.899744775934993,5.807164962813364,1.190170360473586,21.35553517448517,29.69789706177589,77,15500000
93,Buenos Aires,Argentina,2024-04-03,15.999457673357506,46.18945934598813,25.18078702292511,7.170244114595629,1.118990690281064,20.61070357037024,32.58371144060889,56,15500000
94,Buenos Aires,Argentina,2024-04-04,32.79029867630129,23.34361376121336,36.07938194437977,10.058608388973772,0.8524429464473711,16.950318527766697,25.725403247546215,73,15500000
95,Buenos Aires,Argentina,2024-04-05,18.422126107044228,37.91424520319202,39.64076522760024,6.11515402151286,0.7317650838659978,17.16744502384264,19.39908280656397,46,15500000
96,Buenos Aires,Argentina,2024-04-06,30.396545952539643,34.727322971510795,32.04663718747515,6.024896235911046,0.9818392703399044,16.003571430668643,19.2896088045281,77,15500000
97,Buenos Aires,Argentina,2024-04-07,25.289268640615507,30.549625306991587,35.85564402007876,6.606156384006221,0.7070837843768764,20.221793987578035,16.27146283570174,79,15500000
98,Buenos Aires,Argentina,2024-04-08,27.23423642246789,34.44828707659129,25.544569538520307,5.679936086548345,0.6601030441678386,23.542801574283224,26.118936832789217,61,15500000
99,Buenos Aires,Argentina,2024-04-09,23.02034244369471,54.05600312653047,25.287278219748792,6.068609519762327,0.4423869009923935,24.65967271158155,30.48326134383048,78,15500000
100,Buenos Aires,Argentina,2024-04-10,36.40313415002608,77.4830107924868,11.845008566766571,5.151408553696742,1.1628018362149968,10.996498411115828,33.95632532085353,49,15500000
101,Buenos Aires,Argentina,2024-04-11,26.473512731432447,44.86388194052795,48.22594456465821,3.068142011706044,0.783427865492817,20.08727732626328,18.27948591908793,73,15500000
102,Buenos Aires,Argentina,2024-04-12,22.50928155346959,14.906591480326387,33.233702922218654,8.43174548938192,0.8454068957729778,18.37965912395515,27.957210758759278,64,15500000
103,Buenos Aires,Argentina,2024-04-13,31.80220360476691,32.025192629987586,29.434268193759337,10.18928128243263,0.7994559609781775,24.039782745797208,21.91271848641636,44,15500000
104,Buenos Aires,Argentina,2024-04-14,25.96676121140232,35.14101248571673,29.00016215748628,5.3900811597917215,0.879239880076836,10.958217837912937,27.017184314356456,57,15500000
105,Buenos Aires,Argentina,2024-04-15,17.282887798194597,35.78492028954897,28.415468019801796,6.290885942605978,1.3262880810853035,30.31623502175954,26.495275374105216,55,15500000
106,Buenos Aires,Argentina,2024-04-16,27.952799406208683,28.352512892604995,31.25702335192753,7.352379645005385,0.6666302566096873,20.98958333671038,21.962638561898466,77,15500000
107,Buenos Aires,Argentina,2024-04-17,20.956380073099773,57.53265336104078,26.700924841597335,6.905779768737934,0.8960100536010004,33.83069959905949,26.341374698947632,68,15500000
108,Buenos Aires,Argentina,2024-04-18,22.771843002803177,43.63453411995771,19.01154886454297,2.174014623848234,0.8937150139907923,26.582730860923448,16.302990140316314,41,15500000
109,Buenos Aires,Argentina,2024-04-19,14.475199230035871,59.95572528487091,40.56849390682774,7.704580888332573,0.6256458623916846,17.292454997768793,24.64176557094176,41,15500000
110,Buenos Aires,Argentina,2024-04-20,30.4090851856099,53.1425375078685,24.653238441225582,6.877848657295248,0.5883118732716694,7.509694912535302,26.002298157068644,51,15500000
111,Buenos Aires,Argentina,2024-04-21,31.08905356254632,50.1209281909526,28.72347774406359,8.279518883564489,0.7499883088416205,22.86736493472603,28.64117914544224,65,15500000
112,Buenos Aires,Argentina,2024-04-22,15.087096183596788,53.80897364067724,23.90856196459533,6.250935481225433,0.7356031267081498,20.54401854852704,30.00683228145431,70,15500000
113,Buenos Aires,Argentina,2024-04-23,27.645845360291112,56.50392404846454,29.85651615539888,7.015187870756248,1.1457759774793372,14.61978610275677,26.079097366093016,64,15500000
114,Buenos Aires,Argentina,2024-04-24,21.594012930901386,47.50214549670826,19.1445154424034,7.446306109495394,0.9103771943644308,23.401151042088145,15.316236487487677,48,15500000
115,Buenos Aires,Argentina,2024-04-25,17.386447301910593,43.006772565104754,27.446640683179247,4.452565198549101,0.8670042591604206,17.541310756046364,22.57232980680251,61,15500000
116,Buenos Aires,Argentina,2024-04-26,23.693460310378867,48.48660549508095,30.57809520779192,4.869328611761488,0.7668233900033243,18.90998595708431,24.6882267901561,67,15500000
117,Buenos Aires,Argentina,2024-04-27,29.909153489266597,63.360652261053644,34.163037807080954,4.885204284512206,0.925996168069507,15.653738223920415,23.28517416921673,41,15500000
118,Buenos Aires,Argentina,2024-04-28,33.50079332417553,46.26521128359101,30.85955499472714,7.7747429612659795,0.8646370964916412,26.41908429926781,31.47492792408478,57,15500000
119,Buenos Aires,Argentina,2024-04-29,30.44220352340347,49.56579245772875,33.599201835275146,8.797235679197295,0.5263273815891956,20.997426497214565,24.595258968780783,69,15500000
120,Buenos Aires,Argentina,2024-04-30,31.309744898310974,30.497549661932155,24.39537738788288,8.362938770818708,0.7004783266875322,20.667410140375896,23.293359401182364,49,15500000
121,Buenos Aires,Argentina,2024-05-01,24.88448701773352,40.0582092502061,42.977399350958834,4.526959327306656,0.9351019995359572,22.35931169015504,20.585173007766123,50,15500000
122,Buenos Aires,Argentina,2024-05-02,24.747127781360422,59.139659436485374,16.6775273705789,6.416957378165008,0.7567191158080271,21.35103145619156,18.374063479215003,59,15500000
123,Buenos Aires,Argentina,2024-05-03,30.44037856773779,49.86644764225561,29.443741710061843,4.626013223388511,1.011562836164159,17.054439336094365,20.32201850618787,75,15500000
124,Buenos Aires,Argentina,2024-05-04,38.58582869617828,34.68731866696449,20.851524321876,8.083291375701185,1.0693286862868965,13.693940740738457,34.86405377359045,78,15500000
125,Buenos Aires,Argentina,2024-05-05,29.15176602323072,36.08845230615898,20.091494487722663,4.704128363581244,0.806720263328798,10.751479271640198,20.604184921893346,41,15500000
126,Buenos Aires,Argentina,2024-05-06,35.9048472490764,57.99813225671025,21.272827280217854,8.588602263954012,0.7636216162973257,20.690953183920072,25.63546374421399,55,15500000
127,Buenos Aires,Argentina,2024-05-07,25.86970217575358,30.82450508300532,6.5107037592067485,5.229018226824303,0.8323776372480514,23.44304026845015,24.603516712357766,44,15500000
128,Buenos Aires,Argentina,2024-05-08,28.70211889941741,48.76471249652965,29.19619423542636,6.885218593996915,0.8821100170655234,18.8446526127116,31.96590628967453,54,15500000
129,Buenos Aires,Argentina,2024-05-09,33.39349114231602,55.45986693981197,24.785102927728325,4.665502881011034,1.010292663801624,15.478470932526708,24.527588429277564,78,15500000
130,Buenos Aires,Argentina,2024-05-10,31.9923058072014,21.75011181209723,43.031505805148605,3.7842103871418615,0.7511438120446933,22.1714803799768,21.568315765325877,53,15500000
131,Buenos Aires,Argentina,2024-05-11,16.565984515429626,23.3224266439471,36.04534816517444,7.195596626805421,0.7698632882755341,17.464261286139195,24.0991322173246,72,15500000
132,Buenos Aires,Argentina,2024-05-12,19.0358859203112,35.51227341358848,36.47135415514175,5.831089416299124,0.6501284621154445,18.89231701208131,19.11518943615016,52,15500000
133,Buenos Aires,Argentina,2024-05-13,43.20543907941816,46.065032164459126,22.70164029453797,8.751047214357225,0.939027979180872,15.987864027885951,19.702472820773067,44,15500000
134,Buenos Aires,Argentina,2024-05-14,42.76087280380064,33.088374794025206,23.843500950679008,8.094605349553948,1.0728163874930037,13.105983477073869,24.015046758928424,42,15500000
135,Buenos Aires,Argentina,2024-05-15,18.89218054914129,39.87830197582375,31.26471380258548,6.444911487368897,1.058254767803176,22.108900371254357,31.550959540404484,51,15500000
136,Buenos Aires,Argentina,2024-05-16,42.298853986834445,17.844777057783578,20.689138257921403,10.663244569316774,0.6533469813027293,16.65098320962069,20.62138207250073,47,15500000
137,Buenos Aires,Argentina,2024-05-17,36.48445956533724,49.21193919175664,23.04644817158718,4.547858814367386,1.057296412928895,20.769650965495025,27.59518039024813,66,15500000
138,Buenos Aires,Argentina,2024-05-18,36.46027575013415,10.0,29.86711726139273,6.788362485004604,0.7092727224816635,28.63113272817816,20.563352705721144,62,15500000
139,Buenos Aires,Argentina,2024-05-19,32.71796177235661,22.673663643410144,26.64077597705928,5.402090455764673,0.4039131540867959,20.65163370872481,21.411923018800117,44,15500000
140,Buenos Aires,Argentina,2024-05-20,31.001189507966103,34.07177497323924,25.21979438692436,10.896488650269552,0.5106135860394284,19.704007127956988,17.67651563153028,78,15500000
141,Buenos Aires,Argentina,2024-05-21,38.148146448442816,10.0,32.93198932709552,6.202157941566706,0.6590124171536793,23.97128339081035,32.33412208202384,56,15500000
142,Buenos Aires,Argentina,2024-05-22,8.832866250519857,36.55926502216799,28.01107316986658,8.253227274526141,0.8091127762283797,23.11703569139958,28.51720066569447,62,15500000
143,Buenos Aires,Argentina,2024-05-23,46.54928677383142,22.451604615620685,28.83889904649352,6.853680808037069,0.9523380673851926,17.167647496989517,20.43667712169615,48,15500000
144,Buenos Aires,Argentina,2024-05-24,21.76520578123373,22.623802411408143,31.581194423196056,7.801383674171413,0.9117253065509028,6.888904227295287,18.825771431654545,58,15500000
145,Buenos Aires,Argentina,2024-05-25,34.57554719021884,47.20390752108887,21.559138596156405,8.645565561668004,0.6074697976162048,23.463845159244304,30.529165331473564,68,15500000
146,Buenos Aires,Argentina,2024-05-26,13.259258683910254,28.16992103272956,37.18034856243036,9.260439543674964,0.6651314092856149,16.280569673372078,21.73893255034747,55,15500000
147,Buenos Aires,Argentina,2024-05-27,8.949050359560541,20.92883226738887,20.02165883975877,6.411803052388733,0.854167303166791,22.16736415821186,22.4571887336216,64,15500000
148,Buenos Aires,Argentina,2024-05-28,32.887849831273016,43.94621202568334,22.30240840542668,7.650678591949983,0.8127706330056446,14.30809305722126,31.04974629279356,42,15500000
149,Buenos Aires,Argentina,2024-05-29,36.02289374929152,47.351194423772434,34.38124617535354,8.132613077467173,0.6889772527344575,17.683804315387324,28.846228197799874,50,15500000
150,Buenos Aires,Argentina,2024-05-30,27.738572803991254,20.685517053317,33.050890250867624,6.798229248907859,0.6641913634882821,12.337468630348404,25.13480578093176,50,15500000
151,Buenos Aires,Argentina,2024-05-31,28.569598962178095,50.84240342478268,30.894393265627105,9.01431440119334,0.9035989552782904,20.13102376387018,23.482178373670425,68,15500000
152,Buenos Aires,Argentina,2024-06-01,33.56095854230007,48.62591151325661,23.496967752804856,7.72657077976795,0.6553309662513069,23.313909430104808,29.913284536361708,40,15500000
153,Buenos Aires,Argentina,2024-06-02,19.565272411704647,42.020612021542064,29.0519302262807,4.831859030191541,0.8715445538944484,20.11051374924928,27.782108527292703,44,15500000
154,Buenos Aires,Argentina,2024-06-03,9.29187966860843,48.56042224053317,34.92980623034842,7.3469739464541775,0.9335044225404684,15.832489801412308,25.31631577402043,59,15500000
155,Buenos Aires,Argentina,2024-06-04,36.10173940938102,26.97608557602501,30.78250634474646,9.207867093403816,0.7487438351496856,18.82041735343938,22.965573777478127,48,15500000
156,Buenos Aires,Argentina,2024-06-05,29.369610753903935,41.65248023041812,32.318594532403786,8.18686751924822,0.7452700424643975,17.556208113102816,30.537826616543114,57,15500000
157,Buenos Aires,Argentina,2024-06-06,17.426415134698317,25.08357217300312,31.996385516784617,4.6338876305312215,0.7494473489807629,25.14706550477663,28.98350963535371,53,15500000
158,Buenos Aires,Argentina,2024-06-07,17.306389512719687,42.22879343624591,29.08787107800336,4.237985385094005,0.5249874230162578,13.259012489423531,37.39925767453968,78,15500000
159,Buenos Aires,Argentina,2024-06-08,33.59981440273613,56.24819232897852,25.488417095108566,6.1133584594476185,0.7678127290401862,30.6910452377577,31.59052680248533,71,15500000
160,Buenos Aires,Argentina,2024-06-09,52.55217743719902,35.41584078769295,35.84767181100973,5.698680345263233,0.3819394202293686,19.148708766020476,23.67197719856948,60,15500000
161,Buenos Aires,Argentina,2024-06-10,21.001217613316285,43.29467740424568,27.515144680803413,6.598530163996016,0.5487741410779101,23.32271771276608,19.92538654170829,74,15500000
162,Buenos Aires,Argentina,2024-06-11,46.4955326373281,67.50226865765472,23.992804232311315,2.9121266106948083,0.7801599294136887,21.8825506908531,20.697579633085823,63,15500000
163,Buenos Aires,Argentina,2024-06-12,16.89024366074277,54.29502389148972,22.605660329153075,7.448711115486259,0.6841853798161195,19.67251459580137,16.983270451706282,78,15500000
164,Buenos Aires,Argentina,2024-06-13,32.56488354316098,11.28909894118799,35.27560992890889,5.392103170545038,0.8614691233415941,18.76123790880145,31.60207004891917,63,15500000
165,Buenos Aires,Argentina,2024-06-14,16.25564351660082,30.970500784418117,23.135912890937757,7.287587501905354,0.4519164417526016,17.66285643120858,23.350797116958255,63,15500000
166,Buenos Aires,Argentina,2024-06-15,31.802154559028235,37.01725384723523,16.337296590883646,7.66493616751774,1.00131914305554,26.410678701800656,23.10824058700117,67,15500000
167,Buenos Aires,Argentina,2024-06-16,26.45318055325738,48.81783832206602,34.95791027762295,3.177366216674992,0.818595849305882,17.65751943319842,21.206173710323124,76,15500000
168,Buenos Aires,Argentina,2024-06-17,27.84933069684812,36.6351803225105,25.16545374980129,5.023628153528385,1.1019247919931356,26.57735522685,21.71442761229711,65,15500000
169,Buenos Aires,Argentina,2024-06-18,28.37686998078139,10.0,48.824739591287816,7.642752638162912,0.7042923399154093,22.59531111802463,20.11262681530632,42,15500000
170,Buenos Aires,Argentina,2024-06-19,33.70746644588403,54.2321964470743,31.04552019571506,6.716948493266104,0.7048409111990198,15.86944004142729,21.56492950150251,43,15500000
171,Buenos Aires,Argentina,2024-06-20,11.494440356570168,38.7984634753927,24.375031562675044,7.622785585281861,0.5235394781726477,13.318579557075145,30.06219218414748,47,15500000
172,Buenos Aires,Argentina,2024-06-21,19.657597280370737,42.26366445437604,30.35686179547432,9.51415953696214,1.3188620369548223,25.68769506575317,22.73446205312456,41,15500000
173,Buenos Aires,Argentina,2024-06-22,20.0660925029011,40.935810945702485,44.360867586751525,5.004716202404742,0.799543813048174,13.029128241265427,22.025633194168787,71,15500000
174,Buenos Aires,Argentina,2024-06-23,18.186197649304265,54.51739036037806,37.95025771624351,9.7478287704229,0.6295226467851793,22.37682805346005,28.162271083211504,67,15500000
175,Buenos Aires,Argentina,2024-06-24,20.25821824896035,40.80310945923252,37.77287650601109,8.732835170909109,0.6461330831817402,19.848229390681755,28.97048187479722,53,15500000
176,Buenos Aires,Argentina,2024-06-25,19.305502255078896,38.13967918915005,21.486239945461207,6.980310382699234,0.4622989623863,14.399762887650638,28.354556241384376,69,15500000
177,Buenos Aires,Argentina,2024-06-26,31.03790520277894,80.39137243785589,36.61728249492169,4.654032297069213,0.4530672156934019,17.67465275468212,30.959342531543328,53,15500000
178,Buenos Aires,Argentina,2024-06-27,22.999194341933197,31.11247159297116,5.0,10.509623751199229,0.8000835927556285,19.10844944035462,26.625845650259755,58,15500000
179,Buenos Aires,Argentina,2024-06-28,24.1994225146591,60.26671134980073,40.34196231614565,10.327465664286947,0.8610486253062706,22.936958499030062,32.07093644165545,64,15500000
180,Buenos Aires,Argentina,2024-06-29,20.514571634721385,43.578324306606085,19.67550862443025,6.713482169271615,1.019309423646051,9.043730744173594,32.672410508972575,53,15500000
181,Buenos Aires,Argentina,2024-06-30,36.2237421870316,34.49023529997223,27.79688032945541,6.632261400366759,0.8376466545402268,21.945849051117243,25.00354313840261,79,15500000
182,Buenos Aires,Argentina,2024-07-01,36.97792522142378,58.67071865227612,39.88234011880339,6.652129856759144,1.0797060549414328,27.98424897302921,25.69400227270755,58,15500000
183,Buenos Aires,Argentina,2024-07-02,36.77236601567564,29.05337075238456,30.118553852503705,4.987666175169737,0.3796591343780395,15.737288784704871,25.36440766485437,48,15500000
184,Buenos Aires,Argentina,2024-07-03,21.812516847538667,24.552822271872323,29.01324748763112,7.6180948860653075,0.6688624561077113,18.82144377571666,20.302683790070088,50,15500000
185,Buenos Aires,Argentina,2024-07-04,36.19244917564096,24.052399663909743,33.317063161930704,7.339263412371242,1.368789479305136,25.435511810078715,26.576224632854277,72,15500000
186,Buenos Aires,Argentina,2024-07-05,45.43025801848989,44.35369848500549,22.588263854071062,5.079742522703435,0.8289815938661809,21.40481660582549,34.289643800291245,49,15500000
187,Buenos Aires,Argentina,2024-07-06,34.70804852537203,57.15513609107239,38.14762767411179,5.714015219762082,0.7574633659558156,12.023075499121273,14.8045224337814,48,15500000
188,Buenos Aires,Argentina,2024-07-07,23.851977512409363,48.501575892762695,24.741019568042205,6.902069938283099,0.9422821158930992,35.5645510052192,29.04018094701036,79,15500000
189,Buenos Aires,Argentina,2024-07-08,16.519344019694913,61.983645765470655,26.177372981007448,7.578024911064677,0.9403914983264652,21.543791021556967,21.457043665308923,77,15500000
190,Buenos Aires,Argentina,2024-07-09,21.886521128873024,58.4170515017702,28.614529284830606,6.346674483099626,0.811423568110235,21.424126393118183,22.222776035674997,78,15500000
191,Buenos Aires,Argentina,2024-07-10,25.218657421822225,10.0,46.33742328427785,7.310649998398803,0.8796294530245075,19.710461250615456,21.32441599637706,56,15500000
192,Buenos Aires,Argentina,2024-07-11,46.72949749360864,50.47582651459133,36.30674416687536,5.725842987499288,0.8122654339038897,31.530764923731077,18.927911631112178,71,15500000
193,Buenos Aires,Argentina,2024-07-12,29.56238797367314,43.48729927629051,37.21197226514186,6.061508324674689,0.8059733846515652,18.714034776967843,16.93292073673757,77,15500000
194,Buenos Aires,Argentina,2024-07-13,27.555177566413747,40.06511297574284,35.93755984055284,5.957996121985598,1.1770764632029267,15.359935161558631,29.056940599585797,56,15500000
195,Buenos Aires,Argentina,2024-07-14,38.78671417303589,10.0,29.82372108796584,9.243723009588503,0.762664207537311,23.64531822501182,26.755827338135425,68,15500000
196,Buenos Aires,Argentina,2024-07-15,30.089905208555408,41.37806400370301,32.38244705576253,11.205204869792542,0.7872103014638705,18.234229810272097,30.20877114509881,70,15500000
197,Buenos Aires,Argentina,2024-07-16,16.570776677582067,54.09971227139231,26.88365764333477,4.459241057583191,0.7122132055311995,10.4896517572678,18.750553443804783,64,15500000
198,Buenos Aires,Argentina,2024-07-17,33.2501857972176,49.791251234319134,34.4220619598776,6.342063332005113,0.7213792499324243,15.64394498825772,20.553781555529493,44,15500000
199,Buenos Aires,Argentina,2024-07-18,26.942614096792607,49.14289067812902,17.55701012927006,7.401690186231419,0.8201582145289613,20.2064372779372,30.185794493291212,67,15500000
200,Buenos Aires,Argentina,2024-07-19,40.458104271641645,56.477929333212046,33.82271362631159,6.744844574895451,0.8765792912422177,23.44491976362527,20.06698818392256,59,15500000
201,Buenos Aires,Argentina,2024-07-20,33.513372439238395,41.29645283631314,26.607169475327208,7.983831076302773,0.8082250137283754,16.32275539803978,24.86697447481509,73,15500000
202,Buenos Aires,Argentina,2024-07-21,24.99073373769847,32.178669338730465,24.882184561749085,7.294207052936836,0.6144012500663003,23.80732882492218,28.52327043499671,49,15500000
203,Buenos Aires,Argentina,2024-07-22,28.51424774941985,68.44056242730909,29.006726340265445,6.209620333937871,0.99400741473276,15.545387039775733,28.596254915276667,50,15500000
204,Buenos Aires,Argentina,2024-07-23,27.483251425158823,41.17176602854025,33.2018868442142,7.40330581025851,0.5940055450446129,20.23039610816576,19.631556705411235,58,15500000
205,Buenos Aires,Argentina,2024-07-24,25.81082542900824,18.41627958495768,40.66255035485014,7.796994700611124,0.7840431309134646,18.361809379658805,22.257022816653777,78,15500000
206,Buenos Aires,Argentina,2024-07-25,19.883214411297523,28.42679792904828,31.36479035570285,6.280780591564434,0.6824488895000691,13.08922015362265,29.796786797522486,64,15500000
207,Buenos Aires,Argentina,2024-07-26,23.619767245502334,41.197461878244646,20.68162387935812,7.203901934812672,0.88766074095367,20.45158345759463,23.67707876555707,43,15500000
208,Buenos Aires,Argentina,2024-07-27,26.49597957518788,41.46740762061884,33.48804620178064,8.687679019283475,0.8785268231301937,22.267927617546093,17.08888416626761,52,15500000
209,Buenos Aires,Argentina,2024-07-28,25.502276991656803,28.118103604219957,35.39171887161842,10.384796004776224,0.8529130525068722,17.48447887789294,36.31616419542768,55,15500000
210,Buenos Aires,Argentina,2024-07-29,31.317180318506157,44.09374171379034,37.40860986911791,8.807371283585907,0.7557868926779348,16.69679308557945,23.000885296569116,50,15500000
211,Buenos Aires,Argentina,2024-07-30,30.35850335004934,38.135713342563456,28.30892616145625,8.493222729204314,0.865115563357414,31.37912713823819,20.738876785013375,45,15500000
212,Buenos Aires,Argentina,2024-07-31,24.60763526301256,13.678168868164192,30.95727443615147,5.325063967746934,0.5664696435767148,20.045703379113164,15.345735303734966,52,15500000
213,Buenos Aires,Argentina,2024-08-01,18.257097074151176,11.841641095822002,28.80921987870309,7.879651614062165,0.4499184529104991,21.17171619425149,29.77214538292976,64,15500000
214,Buenos Aires,Argentina,2024-08-02,41.73698446220863,26.252305095351677,33.92712969713257,6.04495182212426,0.8655743636466582,15.9719312862802,31.13078183775728,78,15500000
215,Buenos Aires,Argentina,2024-08-03,17.13068449796114,46.90081512169667,31.812042816922308,5.4250493902244905,0.5211288666661534,24.95875172723278,25.895352657285976,72,15500000
216,Buenos Aires,Argentina,2024-08-04,5.0,41.26301512509058,40.091711878929466,5.153387796298932,0.6026489621657527,15.798051468302049,19.61761595011436,42,15500000
217,Buenos Aires,Argentina,2024-08-05,20.20598286294006,55.44160833890561,27.30483898571889,5.307131397082043,0.9851344419005444,18.346125519884737,22.449195931748918,68,15500000
218,Buenos Aires,Argentina,2024-08-06,23.788718740558167,53.61231379332208,35.30296344083705,7.151198978901874,0.820711988447885,12.60075759781014,16.549947249655318,45,15500000
219,Buenos Aires,Argentina,2024-08-07,23.231777242264958,42.57398159601932,31.94574098048853,5.808958419328041,0.8283556741382868,21.7740668733006,35.077651306814126,63,15500000
220,Buenos Aires,Argentina,2024-08-08,9.393930129670714,67.30772650329372,24.934807968342,5.050526018439662,1.2287373305087042,21.72918328897782,28.503830036027427,75,15500000
221,Buenos Aires,Argentina,2024-08-09,32.33060115872151,34.49262220069204,28.53332525199372,9.507733777647497,0.6409124104726069,26.470926748311435,23.73980631706856,70,15500000
222,Buenos Aires,Argentina,2024-08-10,28.07832372513885,71.02339062258736,18.817556172605624,9.405153010450457,0.8359828739092834,24.189152676147405,24.49002641682034,77,15500000
223,Buenos Aires,Argentina,2024-08-11,16.575673698736736,47.700588529570304,18.995074274553996,5.888606645876218,0.8535873570749095,11.35852957164799,24.909883736353088,67,15500000
224,Buenos Aires,Argentina,2024-08-12,28.098375931999225,49.9165416652176,26.792678451646985,8.631530329979986,0.6906027833089122,16.624562105197544,17.364794695897714,77,15500000
225,Buenos Aires,Argentina,2024-08-13,19.965376560989416,41.85855820045023,28.123005620969167,2.9932525022177696,0.969697865527558,17.784733001210018,31.102247610874507,62,15500000
226,Buenos Aires,Argentina,2024-08-14,20.41292130461641,36.871115110955344,28.71041582138296,8.322738926372296,0.665822652821839,24.445513892914885,29.373720415157354,50,15500000
227,Buenos Aires,Argentina,2024-08-15,28.42963532444485,45.41537717714133,37.744821310212345,7.721972165074163,0.4777661073651562,30.572074171543967,26.875845070292343,50,15500000
228,Buenos Aires,Argentina,2024-08-16,20.90198756206467,51.75038065786047,18.236083590149995,4.474460448602872,0.6448250353667033,20.39482022834042,21.794593667308224,69,15500000
229,Buenos Aires,Argentina,2024-08-17,31.5905434391342,37.760721179145335,15.424635605434224,5.256344466884219,1.0712867420331464,12.229620010152058,32.276302468592405,56,15500000
230,Buenos Aires,Argentina,2024-08-18,40.73734216555106,46.85032016095599,18.0307294946828,5.163575666980417,1.0645488933770273,19.15438657178592,25.39786767471083,75,15500000
231,Buenos Aires,Argentina,2024-08-19,32.58824416163609,29.698278492226574,20.68091360885567,1.2088846000441649,0.7829919387710269,17.847811536495115,23.35927077586713,78,15500000
232,Buenos Aires,Argentina,2024-08-20,16.785151433763247,37.45270471715262,17.996258297735857,6.306580934247997,0.994769251451964,16.265758705039573,34.53648918213277,65,15500000
233,Buenos Aires,Argentina,2024-08-21,10.639084874649434,56.94481823080463,31.255049182086186,6.668561142653151,0.7982690692158992,19.8501746675563,24.12117198037344,43,15500000
234,Buenos Aires,Argentina,2024-08-22,37.49000207822503,54.75572040291996,21.01931248839805,6.63481624443791,0.9456015695668056,23.317140596605483,29.87567260621644,49,15500000
235,Buenos Aires,Argentina,2024-08-23,28.842858881672974,15.85718525378531,24.421526794407782,3.3689167409493272,0.9073951393887484,26.127352726572347,24.082950063539787,73,15500000
236,Buenos Aires,Argentina,2024-08-24,17.282591854032177,32.53057229773237,25.8997271148276,5.396944819790917,0.7305627009775475,23.854011099939857,19.730822523178272,55,15500000
237,Buenos Aires,Argentina,2024-08-25,29.27814395152903,33.56239090526076,33.070074318215404,4.889553019751927,0.8514276931616191,27.55540097567565,14.331820791705896,54,15500000
238,Buenos Aires,Argentina,2024-08-26,36.36470508367037,26.312383384089472,33.26365527800518,7.710051235869858,1.0549954764041638,20.988745677690343,20.854454096829773,40,15500000
239,Buenos Aires,Argentina,2024-08-27,8.952450120890312,23.416229364790617,36.935569327284696,6.260341822910975,0.734412695524499,20.87327340319484,20.60859593835493,67,15500000
240,Buenos Aires,Argentina,2024-08-28,23.097591555867844,17.53829997091377,40.905831801058,6.392747854203998,0.7022227761912618,27.944701642220416,18.78876733225385,44,15500000
241,Buenos Aires,Argentina,2024-08-29,13.744128859680307,55.77238744388033,34.554927348750184,5.6396611965995485,0.8026529286167947,23.651784656005997,25.297260171088247,42,15500000
242,Buenos Aires,Argentina,2024-08-30,23.429633094073704,67.80116196849742,33.56961469031584,7.038163255559536,0.6951280088636833,22.69408464090561,28.298498849653992,47,15500000
243,Buenos Aires,Argentina,2024-08-31,14.2682149052453,52.634459905208544,30.185567828459,9.702031504974,0.4974942069402249,13.346474343345369,14.11016133902656,45,15500000
244,Buenos Aires,Argentina,2024-09-01,35.92102961019334,17.853045375672973,33.65201868134236,6.4988792627626175,0.674188653728319,20.98371161882853,25.31129928164666,62,15500000
245,Buenos Aires,Argentina,2024-09-02,16.87534816317955,25.276480081654025,39.12936947083036,5.330449641413221,0.7070411592163433,17.53373541738024,16.970213762423043,70,15500000
246,Buenos Aires,Argentina,2024-09-03,9.68464684756357,57.25401093847444,28.35772784402999,9.237099888510652,0.6946936625807915,17.382120057967086,21.17906606681077,40,15500000
247,Buenos Aires,Argentina,2024-09-04,33.76173931693076,30.48680209471709,21.63136787317398,8.367419073816059,0.7893514859821595,15.101190261280127,23.018948288594483,41,15500000
248,Buenos Aires,Argentina,2024-09-05,26.42909387638173,71.97655123093246,40.075837698445525,6.827367309110134,0.778842424881577,28.15461568811816,25.686627879276145,64,15500000
249,Buenos Aires,Argentina,2024-09-06,39.08921560271723,29.709253644472295,25.062302026816308,7.2141149059845935,0.7309706237723946,23.43966486025714,21.935083643646557,48,15500000
250,Buenos Aires,Argentina,2024-09-07,5.0,32.11812378689659,24.41906839512755,5.091891091790824,0.7169649437672576,14.368808964569686,26.07610366475109,69,15500000
251,Buenos Aires,Argentina,2024-09-08,32.66551354337771,44.79947786717744,18.744452795894645,6.116302145518352,0.8221772765656836,28.52296046648689,19.459437708705654,52,15500000
252,Buenos Aires,Argentina,2024-09-09,31.89579214365443,46.34507361835713,31.300638933910555,11.322448366332928,0.676502568768321,19.62793088283982,15.184448952808822,61,15500000
253,Buenos Aires,Argentina,2024-09-10,36.60659888800972,51.87968410019737,16.756908899038685,6.676380392300078,0.8024622314702718,19.028544746922343,23.018408514023044,63,15500000
254,Buenos Aires,Argentina,2024-09-11,21.26631574996916,32.49703274356006,28.641181138578155,10.27347992366128,0.7633398580947606,19.90102827739646,22.588432145318485,55,15500000
255,Buenos Aires,Argentina,2024-09-12,35.98983357441965,15.218548079924094,24.4912587738789,7.336094338360541,0.3305366717573172,28.701322168564595,21.444445927234725,69,15500000
256,Buenos Aires,Argentina,2024-09-13,39.07230011383635,21.87114213636487,18.709959958642404,6.726406190485318,0.6747550808727101,20.72474620102729,31.039970199301933,50,15500000
257,Buenos Aires,Argentina,2024-09-14,5.0,33.968654117991775,21.159461473120203,5.20192187575611,0.7283643191724509,20.51979839481772,35.302905762877295,72,15500000
258,Buenos Aires,Argentina,2024-09-15,20.163828604445637,52.626711621760194,21.59023976173998,1.9364613674983728,0.7545787984438148,19.291212229862307,25.677817082073545,57,15500000
259,Buenos Aires,Argentina,2024-09-16,32.28518643514536,36.2188605113504,35.376279565243536,6.159462788818199,0.8221446868372994,22.20814324209458,22.91197016114061,46,15500000
260,Buenos Aires,Argentina,2024-09-17,15.774277276412956,63.30938363369282,38.00101379026002,6.08355871875936,0.859850398651997,16.608188769261307,26.821398803908284,62,15500000
261,Buenos Aires,Argentina,2024-09-18,13.619042622580018,56.77948501231317,30.104346995015614,6.641497949286176,0.7779989002597898,26.46030167163261,21.25414136698379,77,15500000
262,Buenos Aires,Argentina,2024-09-19,16.302219671949643,56.45812068346349,33.45623151986026,8.546395564032926,0.6544928596280449,19.157014065656767,28.625365699906016,63,15500000
263,Buenos Aires,Argentina,2024-09-20,39.43512899523615,46.60779409571374,22.648247031561773,8.294665371026957,0.4744228122089566,13.321216687466592,35.67813050586615,51,15500000
264,Buenos Aires,Argentina,2024-09-21,31.007877156684373,16.781898084653708,26.940592334936035,7.009160278690968,1.0060598427237055,23.402055319687413,23.03761481191292,47,15500000
265,Buenos Aires,Argentina,2024-09-22,28.17947757323381,32.08001707914465,37.05199158515936,3.5051021075320743,0.7503908201228574,24.97431960908392,24.53251890499976,41,15500000
266,Buenos Aires,Argentina,2024-09-23,28.982209514202932,36.217698012346375,46.14461906174256,7.461074255656609,0.7106104544834669,21.68681533173433,22.85662601559347,73,15500000
267,Buenos Aires,Argentina,2024-09-24,25.929302341139877,42.11936541110654,29.31378787862147,6.353340418408704,0.8028895886704512,23.221013053480785,22.06418200107343,43,15500000
268,Buenos Aires,Argentina,2024-09-25,44.00268424310965,55.34584832878359,43.14833207296424,7.782255753865453,1.0335019645972894,16.380176347661063,21.77829866489008,58,15500000
269,Buenos Aires,Argentina,2024-09-26,5.0,17.196008786580222,37.58467509948872,7.448834415888232,0.9003582335555282,18.30077479077817,20.577535906696504,76,15500000
270,Buenos Aires,Argentina,2024-09-27,29.094385306422524,35.84992342421282,30.907155135733515,7.917988003348582,0.7623595122454359,19.482065732971098,23.93062416222681,69,15500000
271,Buenos Aires,Argentina,2024-09-28,34.70316201788282,36.34152754827573,28.577233796772617,5.254732939772124,0.896270799578682,16.645082677526936,30.10750948834297,48,15500000
272,Buenos Aires,Argentina,2024-09-29,27.700586209629787,34.25903605107334,42.01363215235169,6.914083773324086,0.6429593413092837,20.78908819321956,18.52866339212697,57,15500000
273,Buenos Aires,Argentina,2024-09-30,24.158687594752976,35.19422410844808,15.764808555942237,5.120064341699867,0.8953302081601116,28.57953815566347,24.51237308127188,48,15500000
274,Buenos Aires,Argentina,2024-10-01,31.713973713412848,57.6819449167828,50.34770127725792,4.987548304367048,0.8261254817550018,17.610017339566706,29.21328855130536,60,15500000
275,Buenos Aires,Argentina,2024-10-02,27.71618919476621,60.00080950330637,34.65499165458564,6.361019858854662,0.9085746696207342,20.374306531250145,31.59308963109737,54,15500000
276,Buenos Aires,Argentina,2024-10-03,15.757792827248156,55.08104162244976,28.10425379542997,7.261347878154796,0.799732600959588,25.621094015949225,35.24315765398892,45,15500000
277,Buenos Aires,Argentina,2024-10-04,13.653346701185589,27.753964775471218,37.46867016320219,9.188234918168677,0.6906847375507084,16.182313666792624,23.626104891736404,67,15500000
278,Buenos Aires,Argentina,2024-10-05,19.078140380361877,70.87737932234333,16.87492447771905,5.086461336590864,0.7689264531619355,10.079780484059684,12.145069286224173,41,15500000
279,Buenos Aires,Argentina,2024-10-06,5.245923830893915,40.57747728542908,10.893660393990563,9.359826820851396,1.2140052764956553,26.420205034181432,7.305711374651203,78,15500000
280,Buenos Aires,Argentina,2024-10-07,21.73307380142481,47.995171520085854,28.474832512410643,3.955348169213789,0.9808993282765244,15.465919767007854,29.46911977570884,77,15500000
281,Buenos Aires,Argentina,2024-10-08,28.240267721170238,31.350973348855437,24.09633154939987,3.567033646511108,0.5256710712092234,18.94465665057403,32.1187703765364,62,15500000
282,Buenos Aires,Argentina,2024-10-09,25.683715659676587,13.802999116314496,32.6531813370061,4.905684862619471,1.1422057618381576,22.619802560383675,23.000500049453414,61,15500000
283,Buenos Aires,Argentina,2024-10-10,17.548322296826495,49.31405484721658,26.607441564455307,11.44977276199291,1.0971177216015562,23.812214974158056,15.292097530814749,72,15500000
284,Buenos Aires,Argentina,2024-10-11,19.09171889092524,38.87531111383673,13.844750969673589,8.097671766036925,1.2703543677944111,17.23978192418467,26.86918572500835,54,15500000
285,Buenos Aires,Argentina,2024-10-12,33.51576320246185,40.9619214075996,27.5472451080816,8.799823732777547,0.9080644541474836,19.846392256976287,21.57144111422169,54,15500000
286,Buenos Aires,Argentina,2024-10-13,28.945799854842196,33.61366593022614,33.60396579022428,6.476483419557811,0.9111882903291684,10.475277729946804,22.830632685104053,50,15500000
287,Buenos Aires,Argentina,2024-10-14,42.22155097808195,54.95898930546872,25.615296795936644,3.572714061862616,0.6195474224631503,18.56865973197367,25.83380259944714,66,15500000
288,Buenos Aires,Argentina,2024-10-15,21.798995236499163,10.0,19.055407131744087,4.787050887772196,0.8203502101543277,21.667045061963563,24.71972217029901,56,15500000
289,Buenos Aires,Argentina,2024-10-16,21.174066171126217,31.388761343690955,27.75099612089531,8.158693519513552,1.08240537570865,16.85928130415411,25.494668935144414,67,15500000
290,Buenos Aires,Argentina,2024-10-17,12.542575497663297,47.83765105315767,54.71911686149108,7.560411082100389,0.8230885272328553,19.72133030053193,27.450907587453703,45,15500000
291,Buenos Aires,Argentina,2024-10-18,32.54899166549883,39.73157534487475,22.18879961068962,6.909491396071327,0.553379738997029,26.954861790007,18.220148275700183,56,15500000
292,Buenos Aires,Argentina,2024-10-19,8.436194728589744,32.31524034311358,37.7323540041649,5.6473336971115,0.4190128445164228,21.287665765644924,22.06735503453682,55,15500000
293,Buenos Aires,Argentina,2024-10-20,23.141145639271038,29.05195620306112,45.79517395584024,3.883854528292973,1.3666991223788547,18.04681734624324,25.91723288109068,66,15500000
294,Buenos Aires,Argentina,2024-10-21,33.13407117886501,58.33523600609662,27.357295603180493,6.566830420469877,1.098694842694601,30.59487573459049,25.14717828784054,56,15500000
295,Buenos Aires,Argentina,2024-10-22,13.417856529110257,13.791674995521166,30.756968357354864,3.748911932875878,0.2986856858926566,21.487310265589084,25.69748898073729,76,15500000
296,Buenos Aires,Argentina,2024-10-23,27.239190997535943,32.03444574073475,34.44105796040168,5.340548647464417,0.6008704364293639,23.858035548036344,29.27879383782041,76,15500000
297,Buenos Aires,Argentina,2024-10-24,12.262617195125909,49.343182357630575,23.43025100633032,7.254377877514241,0.7752625373197952,15.137092655171584,25.180919719783017,41,15500000
298,Buenos Aires,Argentina,2024-10-25,6.088711381135543,42.691839764157656,16.31737511810978,5.686089526158328,0.6556546443806649,17.457864425582844,18.419828700365716,46,15500000
299,Buenos Aires,Argentina,2024-10-26,17.747233918900506,37.87568525484209,23.25675548540552,10.668404071712548,0.9196796015240838,16.75344812314805,23.60142355339814,55,15500000
300,Buenos Aires,Argentina,2024-10-27,24.773111252102066,38.9304419850069,26.78859561942313,7.424073023765849,0.8701495394095312,13.776857664208872,33.16021249981149,55,15500000
301,Buenos Aires,Argentina,2024-10-28,29.097975130732813,23.4522342815036,36.564428023103176,7.368618128156207,0.7159944545411675,10.476626532672682,32.22206097527544,44,15500000
302,Buenos Aires,Argentina,2024-10-29,29.05803383535751,79.32212179717732,13.265148621836229,6.892216011973731,0.4105769246530761,15.529292805974114,15.35111572589848,57,15500000
303,Buenos Aires,Argentina,2024-10-30,26.595423269972176,33.77017716534532,36.0121573894893,6.591077963387769,0.7672904505804747,14.939612786351145,35.47824108735225,43,15500000
304,Buenos Aires,Argentina,2024-10-31,11.184082815364189,13.026778908863388,12.211406656502426,5.963861961049886,0.7398039375213556,16.842814862584085,31.21702898593581,57,15500000
305,Buenos Aires,Argentina,2024-11-01,37.28030209608135,31.01023985058809,25.70098580622764,9.56811249308188,0.7447344399706445,20.364736893028912,31.114878350641675,58,15500000
306,Buenos Aires,Argentina,2024-11-02,17.501517896173997,26.095084199881555,32.679155534018335,5.208008293660429,0.5280061619761651,26.138999939258422,27.44047690689591,62,15500000
307,Buenos Aires,Argentina,2024-11-03,42.6750239576534,45.2466477884614,27.216763151523438,7.241208014615006,0.7812684477134298,29.796051800559017,22.71118107284347,50,15500000
308,Buenos Aires,Argentina,2024-11-04,10.212228761537144,65.08398856146292,24.10096077201633,5.3316303025347525,0.3467895811701434,18.24610897199223,23.86140192582124,55,15500000
309,Buenos Aires,Argentina,2024-11-05,32.15493096769485,56.05147727240911,31.33425155521998,7.67817832160957,0.8681076114744847,14.610635931859374,30.120367208830483,44,15500000
310,Buenos Aires,Argentina,2024-11-06,5.0,44.69494456802243,46.73261095822839,6.9292198436523496,0.4020368962401706,16.625607517849414,24.08133362616597,62,15500000
311,Buenos Aires,Argentina,2024-11-07,14.020114325802028,25.42244215892968,36.72133588071941,7.350906797257004,0.8423254192066703,15.53028808660739,27.621335483863177,57,15500000
312,Buenos Aires,Argentina,2024-11-08,29.763661564693397,20.18350478928356,38.893318039136496,7.02192523423395,0.777048319620327,22.73007959175613,27.419772602110484,44,15500000
313,Buenos Aires,Argentina,2024-11-09,25.06518074978907,30.362479249588745,35.46983289776459,4.743078110031752,0.966220488229132,20.79410287382515,29.95663596295388,47,15500000
314,Buenos Aires,Argentina,2024-11-10,36.809899053056725,46.049118445557575,22.266384874378723,5.407871724558732,0.8205834781046475,8.429779669999473,33.367209428114926,53,15500000
315,Buenos Aires,Argentina,2024-11-11,29.41746736377557,50.2584664651406,37.08721858488966,8.462217062025127,0.7044990105167145,11.813596302982024,22.39432302103474,60,15500000
316,Buenos Aires,Argentina,2024-11-12,22.079246983934567,33.9436694923146,39.919494458308726,7.001441813871952,0.9942843729632412,23.38258277390495,19.50672518438958,48,15500000
317,Buenos Aires,Argentina,2024-11-13,7.828233301377164,50.30750917811449,26.95606051559378,6.129896535236186,1.0880643545602984,12.12297657089142,23.7644110316618,43,15500000
318,Buenos Aires,Argentina,2024-11-14,30.30894314215949,52.87208606401024,29.01490851718186,8.205160535956681,0.7108699393940011,30.269093450432976,20.93727114939007,72,15500000
319,Buenos Aires,Argentina,2024-11-15,46.05297429458312,16.767642430589504,31.976116842930352,9.514669324293909,0.8575829639126349,20.394259020085872,23.57956673525375,46,15500000
320,Buenos Aires,Argentina,2024-11-16,25.025023003171228,67.13600122966615,29.13049826730678,6.243446910845183,0.5670401205261756,20.700072434378075,26.46475916759417,55,15500000
321,Buenos Aires,Argentina,2024-11-17,12.984118118594823,60.6896400332613,36.14425216102712,9.831832714911718,0.6341648140985391,25.95185240035605,30.0932836495665,47,15500000
322,Buenos Aires,Argentina,2024-11-18,31.020374233817822,32.26879201831842,21.313398621630107,11.228350435883751,0.8222080301941814,20.692027170770302,18.45502942562467,44,15500000
323,Buenos Aires,Argentina,2024-11-19,18.87639004203761,26.435959029054597,25.63609476448388,5.652476268761251,1.0059681825092937,22.17866161109009,27.78893620201549,77,15500000
324,Buenos Aires,Argentina,2024-11-20,29.210496511649087,58.83712465728361,35.1245020245882,6.326196474548081,0.7804094508029651,26.15085293998533,25.562112274741075,51,15500000
325,Buenos Aires,Argentina,2024-11-21,21.259815826429005,56.49230537999622,28.49030720208133,4.644962768186718,0.8452526633137617,20.689478879374533,34.78304981292858,48,15500000
326,Buenos Aires,Argentina,2024-11-22,34.05066548359547,37.98428397729906,29.396694552750404,10.317880606863133,0.4728841946367504,24.8397275657047,24.44604262156112,62,15500000
327,Buenos Aires,Argentina,2024-11-23,22.08510578746648,54.17609901803637,31.093996879501056,4.62299833585093,0.680592691914799,23.52473624796565,31.43546051895237,75,15500000
328,Buenos Aires,Argentina,2024-11-24,44.80103054372939,37.36077064038005,31.34566724984399,8.89604369670957,0.9019807797230546,22.582397401910985,24.524037740409973,70,15500000
329,Buenos Aires,Argentina,2024-11-25,24.242648172217397,73.03020886989424,27.15126361104756,7.219143160155716,0.716712313350395,20.009884223779054,32.66436677818156,48,15500000
330,Buenos Aires,Argentina,2024-11-26,24.101888264264463,40.49228928068974,36.08781419273461,8.026607821123777,1.0917371286425486,17.664032678622853,22.37856965286397,47,15500000
331,Buenos Aires,Argentina,2024-11-27,15.40185994354956,66.49075456078431,52.2883995025066,10.076660878105104,0.8961037356216449,31.605019980309024,28.01739020833992,79,15500000
332,Buenos Aires,Argentina,2024-11-28,24.945805613736376,65.72899063227564,23.82580282389182,5.936828233028086,1.0914975023490745,24.02053264311679,33.03213548966129,70,15500000
333,Buenos Aires,Argentina,2024-11-29,29.68555769059005,48.64677017683634,17.93155225429715,7.369941150146312,0.890551270415339,28.536649047796114,21.145905986356556,75,15500000
334,Buenos Aires,Argentina,2024-11-30,34.04182246974706,24.891091139197847,44.47089102314356,8.121538698030335,0.680221452676927,25.54325806253129,24.95405482984557,70,15500000
335,Buenos Aires,Argentina,2024-12-01,22.78594439005977,20.54749229248041,24.74230633431128,5.468509362587487,0.7811163475727905,19.322368655105645,28.86157292220353,52,15500000
336,Buenos Aires,Argentina,2024-12-02,23.747074843615447,30.9637134900875,35.96938910463235,7.233546199989196,0.7779664148336443,16.873751199425573,23.355793458117304,47,15500000
337,Buenos Aires,Argentina,2024-12-03,43.29060812326051,16.472866508779692,20.90479353123478,7.35215857786276,1.0065551505116848,28.84888566312681,25.641093642966474,47,15500000
338,Buenos Aires,Argentina,2024-12-04,26.80105467465415,29.03013089577087,34.07981533792264,5.547281384045705,0.7310445109282209,10.640145472384738,19.13377155026166,41,15500000
339,Buenos Aires,Argentina,2024-12-05,28.548738029360464,59.75283489429848,28.188666149237907,7.099320667633164,0.9993402748479044,29.394233546657272,28.600403260744784,64,15500000
340,Buenos Aires,Argentina,2024-12-06,29.622624644542043,21.51135918076777,28.37455410703296,5.4553643145543305,0.9900514387737086,26.35762073826969,17.791774267445934,52,15500000
341,Buenos Aires,Argentina,2024-12-07,33.26702974381481,40.48381343591436,44.53284930844378,4.99230054593823,0.9669499445286605,14.142477959151911,18.797032075796327,49,15500000
342,Buenos Aires,Argentina,2024-12-08,35.899049590908305,31.432240388737203,30.350630395683424,8.91160549022496,0.703148329613834,19.7703558562992,24.9171579508874,58,15500000
343,Buenos Aires,Argentina,2024-12-09,31.83324511516092,40.01499555570296,39.46240440430725,5.068792503162626,1.1198069248789653,23.28370271915337,25.78379761182938,74,15500000
344,Buenos Aires,Argentina,2024-12-10,15.151622719176263,48.527211577094064,36.684342056367655,5.718104800889339,1.1938314424118297,17.336704883247215,20.000609628922284,70,15500000
345,Buenos Aires,Argentina,2024-12-11,9.707774852734593,50.86887668084684,33.58788363357152,6.682924615167087,0.616396187672207,20.46188395819962,17.176889363320978,41,15500000
346,Buenos Aires,Argentina,2024-12-12,5.605945918581256,53.35015190239645,19.482900833663955,3.4548428692770914,0.7272773408196765,28.55553645838525,28.55596226710788,64,15500000
347,Buenos Aires,Argentina,2024-12-13,5.776858945460344,25.22683226040963,28.005713141791954,11.156828478028782,0.8724822925750904,19.471059489676176,31.19278998077824,74,15500000
348,Buenos Aires,Argentina,2024-12-14,17.72900459824035,38.47546228406421,40.52505489750595,6.7103182465284,1.0246106395052927,21.93633650217265,19.801854607905405,75,15500000
349,Buenos Aires,Argentina,2024-12-15,24.83682787653977,44.811397871742095,23.28129703375688,8.348277870015599,0.6998793990673359,14.39245219849813,25.189097179160424,52,15500000
350,Buenos Aires,Argentina,2024-12-16,32.970989969116985,45.05454775371704,17.010522036841998,5.5996196338531705,0.8081116869743704,18.68447614487396,16.557175172762637,49,15500000
351,Buenos Aires,Argentina,2024-12-17,11.835709944638587,44.33286856296514,29.666353151316795,8.578352116900907,0.4798384858057899,23.637256768863587,29.03621193886765,79,15500000
352,Buenos Aires,Argentina,2024-12-18,25.882357538859488,54.60857679989843,46.43883695850533,8.165090109006355,1.115965943744724,13.93971674136719,35.79869630330499,67,15500000
353,Buenos Aires,Argentina,2024-12-19,6.385155494445115,36.10824225086005,52.806219390957935,5.548004192509546,1.0897191549083105,19.860972414230503,28.399692317473228,66,15500000
354,Buenos Aires,Argentina,2024-12-20,22.344394874814583,60.55152780415556,39.594396583372685,6.935446211794765,0.78258305477137,29.39937274710504,27.60378060179356,72,15500000
355,Buenos Aires,Argentina,2024-12-21,21.72193540123477,29.128473126317893,22.99711711132162,6.0870054030632765,1.0568874105554769,25.21922721086335,24.893273489137933,77,15500000
356,Buenos Aires,Argentina,2024-12-22,20.231811755698573,64.52522681246205,37.72484279028888,10.183451704511102,0.7398123861810164,27.603431228163227,35.89771319987888,77,15500000
357,Buenos Aires,Argentina,2024-12-23,20.874824666439807,59.988272014976914,37.43145610825772,5.790186472143651,0.8995576618835556,22.687060014101903,28.21150617505588,54,15500000
358,Buenos Aires,Argentina,2024-12-24,19.303010370742687,34.632580998380995,51.1030540180816,7.603746761442023,0.7227355049105649,8.97352813622047,31.948820669731777,56,15500000
359,Buenos Aires,Argentina,2024-12-25,11.547903291913975,24.948416447507448,27.349181607297208,9.832823583400586,0.954647997333152,19.2108124507987,26.541460318194105,75,15500000
360,Buenos Aires,Argentina,2024-12-26,35.11351807921068,50.29903410804672,36.37466355847311,5.450950781205153,0.4904175114528299,22.802702126519044,29.44278936810697,58,15500000
361,Buenos Aires,Argentina,2024-12-27,41.07046683126963,24.40549085762831,33.36867992175845,7.072944353308418,0.9822054617999856,24.052889601650023,29.503538595209974,54,15500000
362,Buenos Aires,Argentina,2024-12-28,29.63756127731064,58.35449406344598,27.359080613578108,10.174188318065196,0.764697513383706,10.231140094434956,29.59124626864801,47,15500000
363,Buenos Aires,Argentina,2024-12-29,20.207117627618548,46.77204379845695,37.90188080820246,5.492216942890617,0.6188069717364602,16.385573994619175,23.253522658973893,73,15500000
364,Buenos Aires,Argentina,2024-12-30,11.215408937877772,50.95516270827648,38.2514435039648,4.914005951686916,0.6207941571388,25.36778679016456,23.957792187153668,59,15500000
